<?xml version="1.0" encoding="UTF-8"?>
<beans xmlns="http://www.springframework.org/schema/beans"
	xmlns:xsi="http://www.w3.org/2001/XMLSchema-instance"
	xsi:schemaLocation="http://www.springframework.org/schema/beans http://www.springframework.org/schema/beans/spring-beans.xsd">
	
	
	<bean id="d" class="ex02.Dept">
	<property name="dno" value="700"></property>	
	<property name="dname" value="개발부"></property>	
	<property name="dloc" value="시드니"></property>	
	</bean>
</beans>
