<?xml version="1.0" encoding="UTF-8" ?>
<!DOCTYPE mapper
  PUBLIC "-//mybatis.org//DTD Mapper 3.0//EN"
  "http://mybatis.org/dtd/mybatis-3-mapper.dtd">
<mapper namespace="goods">
  <select id="listAll" resultType="goodsvo">
    select * from goods
  </select>
  <select id="getGoods" resultType="goodsvo">
  	select * from goods where no = #{no}
  </select>
  <select id="getNextNo" resultType="java.lang.Integer">
  	select nvl(max(no), 0)+1 from goods
  </select>
  <insert id="insertGoods">
  	insert into goods values(#{no}, #{name}, #{qty}, #{price}, #{fname})
  </insert>
  
</mapper>