<?xml version="1.0" encoding="UTF-8" ?>
<!DOCTYPE mapper
  PUBLIC "-//mybatis.org//DTD Mapper 3.0//EN"
  "http://mybatis.org/dtd/mybatis-3-mapper.dtd">
<mapper namespace="goods">

	<select id="listAll" resultType="goodsVo">
		select * from goods
		<if test="type != null and type != ''">
			<if test="type=='name'">
				where name like '%'||#{keyword}||'%'
			</if>
			<if test="type=='price'">
				where price ${op} #{keyword}
			</if>
		</if>
		<if test="column!= null and column !=''">
			order by ${column}
		</if>
	</select>

	<insert id="insertGoods">
		insert into goods values(#{no}, #{name}, #{price},
		#{qty}, #{fname})
	</insert>
	<select id="detailGoods" resultType="goodsVo">
		select * from goods where no
		=#{no}
	</select>
	<update id="updateGoods">
		update goods set name=#{name}, price=#{price},
		qty=#{qty}, fname=#{fname}
		where no=#{no}
	</update>
	<delete id="deleteGoods">
		delete goods where no =#{no}
	</delete>

</mapper>