<?xml version="1.0" encoding="UTF-8" ?>
<!DOCTYPE configuration
  PUBLIC "-//mybatis.org//DTD Config 3.0//EN"
  "http://mybatis.org/dtd/mybatis-3-config.dtd">
<configuration>
<typeAliases>
<typeAlias type="vo.GoodsVo" alias="goodsVo"/>
</typeAliases>
  <environments default="development">
    <environment id="development">
      <transactionManager type="JDBC"/>
      <dataSource type="POOLED">
        <property name="driver" value="oracle.jdbc.driver.OracleDriver"/>
        <property name="url" value="jdbc:oracle:thin:@203.236.209.118:1521:XE"/>
        <property name="username" value="c##madang"/>
        <property name="password" value="madang"/>
      </dataSource>
    </environment>
  </environments>
  <mappers>
    <mapper resource="db/GoodsMapper.xml"/>
  </mappers>
</configuration>