<?xml version="1.0" encoding="UTF-8" ?>
<!DOCTYPE mapper
  PUBLIC "-//mybatis.org//DTD Mapper 3.0//EN"
  "http://mybatis.org/dtd/mybatis-3-mapper.dtd">
<mapper namespace="book">
	<select id="getBook" resultType="bookVo">
		select * from book where bookid = #{bookid}
	</select>
	<select id="selectAll" resultType="bookVo">
		select * from book
	</select>
	
	<insert id="insertBook">
		insert into book values(#{bookid},#{bookname},#{publisher},#{price})
	</insert>
	
	<update id="updateBook">
		update book set bookname= #{bookname},publisher= #{publisher},price= #{price} where bookid= #{bookid}
	</update>
	
	<delete id="deleteBook">
		delete book where bookid = #{bookid}
	</delete>
	

</mapper>