<?xml version="1.0" encoding="UTF-8" ?>
<!DOCTYPE mapper
  PUBLIC "-//mybatis.org//DTD Mapper 3.0//EN"
  "http://mybatis.org/dtd/mybatis-3-mapper.dtd">
<mapper namespace="book">
	<!-- 기존쿼리 -->
	<select id="listAll" resultType="bookVo">
		select * from book
		<if test="type != null and type !=''">
			<if test="type=='bookname'">
				where bookname like '%'||#{keyword}||'%'
			</if>
			<if test="type=='price'">
				where price ${op} #{keyword}
			</if>
		</if>
		<if test="colName != null and colName != ''">
			order by ${colName}
		</if>
	</select>
	<select id="getCount" resultType="java.lang.Integer">
		select count(*) from book
	</select>
</mapper>