<?xml version="1.0" encoding="UTF-8" ?>
<!DOCTYPE mapper
  PUBLIC "-//mybatis.org//DTD Mapper 3.0//EN"
  "http://mybatis.org/dtd/mybatis-3-mapper.dtd">
<mapper namespace="board">
	<select id="nextNo" resultType="java.lang.Integer">
		select nvl(max(no),0)+1 from
		board
	</select>
	<select id="selectAll" resultType="boardVo">
		select * from board order by
		b_ref desc, b_step
	</select>
	<insert id="insertBoard">
		insert into board values(#{no},#{title},#{writer},#{pwd},#{content},1,sysdate,#{b_ref},#{b_level},#{b_step},#{ip},#{fname})
	</insert>
	<select id="detailBoard" resultType="boardVo">
		select * from board where no
		= #{no}
	</select>
	<update id="updateStep">
		update board set b_step = b_step +1 where b_ref =
		#{b_ref} and b_step > #{b_step}
	</update>
	<update id="updateBoard">
		update board set
		title=#{title},content=#{content},fname=#{fname} where no=#{no} and
		pwd=#{pwd}
	</update>
	<delete id="deleteBoard">
		delete board where no=#{no} and pwd=#{pwd}
	</delete>
	<select id="search" resultType="boardVo">
		select * from board
		<if test="type!=null and type!=''">
			where ${type} like '%' || #{keyword}||'%'
		</if>
		order by b_ref desc, b_step
	</select>
</mapper>