<?xml version="1.0" encoding="UTF-8" ?>
<!DOCTYPE configuration
  PUBLIC "-//mybatis.org//DTD Config 3.0//EN"
  "http://mybatis.org/dtd/mybatis-3-config.dtd">
<configuration>
	<properties resource="db/db.properties" />
	<typeAliases>
		<typeAlias type="vo.BoardVo" alias="boardVo" />
	</typeAliases>

	<environments default="development">
		<environment id="development">
			<transactionManager type="JDBC" />
			<dataSource type="POOLED">
				<property name="driver" value="${driver}" />
				<property name="url" value="${url}" />
				<property name="username" value="${user}" />
				<property name="password" value="${pwd}" />
			</dataSource>
		</environment>
	</environments>
	<mappers>
		<mapper resource="db/BoardMapper.xml" />
	</mappers>
</configuration>